,"restraint_atom[lig1, lig2, lig3, rec1, rec2, rec3](start from 1)","rec_atoms[rec3, rec2, rec1](start from 0)","lig_atoms[lig1, lig2, lig3](start from 0)",distance between lig1 and rec1(unit: Angstrom),angle between lig1 rec1 and rec2(unit:radian),angle between lig2 lig1 and rec1(unit:radian),dihedral between lig1 rec1 rec2 and rec3(unit:radian),dihedral between lig2 lig1 rec1 and rec2(unit:radian),dihedral between lig3 lig2 lig1 and rec1(unit:radian),cal_ene(unit:kcal/mol),cost function value
0,"[5233, 5232, 5226, 4511, 4524, 4525]","[4524, 4523, 4510]","[5232, 5231, 5225]",5.468807685333333,2.181557710133333,2.5695764558666667,0.17463231280000024,-0.7950602978666703,-0.8709832601333335,1.3703242189341704,0.005465458947798873
1,"[5233, 5232, 5221, 4511, 4524, 4525]","[4524, 4523, 4510]","[5232, 5231, 5220]",5.468807685333333,2.181557710133333,2.5695764558666667,0.17463231280000024,-0.7950602978666703,2.2773253510003433,1.3358071084004286,0.005744020267248915
2,"[5227, 5226, 5224, 4511, 4524, 4525]","[4524, 4523, 4510]","[5226, 5225, 5223]",6.489234554666666,2.1040119524,1.9513946463999998,-0.3345989424000001,1.5115966382666757,-2.8035494541193207,0.6525627024770924,0.008639185436478606
3,"[5227, 5226, 5232, 4511, 4524, 4525]","[4524, 4523, 4510]","[5226, 5225, 5231]",6.489234554666666,2.1040119524,1.9513946463999998,-0.3345989424000001,1.5115966382666757,0.364918551600001,0.6760070201429765,0.009270841434141103
4,"[5213, 5219, 5228, 3982, 3997, 3998]","[3997, 3996, 3981]","[5212, 5218, 5227]",9.656058469333331,2.392133868,0.7958030282666667,-0.5888101936000012,-1.1995359151999987,-1.116367224,0.5509030927207684,0.009460813665677765
5,"[5213, 5219, 5228, 1260, 1273, 1274]","[1273, 1272, 1259]","[5212, 5218, 5227]",7.566569538666666,1.4226678793333336,1.8978923214666668,-1.3025641961333303,2.5742504245333313,-0.32478656813333207,0.3601937165508763,0.011285369946972995
6,"[5210, 5209, 5218, 3671, 3679, 3680]","[3679, 3678, 3670]","[5209, 5208, 5217]",4.882663229333334,0.9099398194666667,2.132852964,-0.48811095680000033,-0.012498185333333314,-2.8698555475820253,0.5647738603857234,0.016228874020375667
7,"[5237, 5219, 5228, 4048, 4064, 4065]","[4064, 4063, 4047]","[5236, 5218, 5227]",8.828280417333334,2.576105172666667,1.6009153922666663,-1.8861609858666561,-2.9753579895129008,1.847346482533333,1.6359856776024142,0.017373256547437845
8,"[5210, 5212, 5214, 3671, 3679, 3680]","[3679, 3678, 3670]","[5209, 5211, 5213]",4.882663229333334,0.9099398194666667,1.9229315492,-0.48811095680000033,-2.942427481835835,2.858939840733482,0.5669927186480443,0.01866776953352985
9,"[5213, 5219, 5228, 1175, 1192, 1193]","[1192, 1191, 1174]","[5212, 5218, 5227]",8.143326754666667,0.8925610410666667,1.3824116704,-1.5075814310666706,-3.0249542542966155,-1.0215934401333375,0.47989101482850877,0.019602370915789927
10,"[5210, 5212, 5213, 3671, 3679, 3680]","[3679, 3678, 3670]","[5209, 5211, 5212]",4.882663229333334,0.9099398194666667,1.9229315492,-0.48811095680000033,-2.942427481835835,-0.3102605749333333,0.5744713882757191,0.020111150644638906
11,"[5213, 5219, 5228, 3671, 3679, 3680]","[3679, 3678, 3670]","[5212, 5218, 5227]",5.214416890666667,1.3588680057333333,1.7191865886666666,-0.5161244208000005,-0.02298926573333319,1.1794304314666626,0.4924601558631511,0.022148159039932995
12,"[5227, 5226, 5232, 4521, 4519, 4520]","[4519, 4518, 4520]","[5226, 5225, 5231]",3.214599542666667,1.9922920028,2.2283738054666666,0.17188622733333309,1.8363817106971634,-0.25904051719999904,1.087150459820636,0.023686808818128492
13,"[5227, 5226, 5224, 4521, 4519, 4516]","[4515, 4518, 4520]","[5226, 5225, 5223]",3.214599542666667,1.9922920028,2.2283738054666666,-2.9614581858219013,1.8363817106971634,2.8556767784450763,1.0498040976077605,0.02455077678059549
14,"[5227, 5226, 5232, 4521, 4519, 4516]","[4515, 4518, 4520]","[5226, 5225, 5231]",3.214599542666667,1.9922920028,2.2283738054666666,-2.9614581858219013,1.8363817106971634,-0.25904051719999904,1.0737408673102269,0.025521178893920485
15,"[5227, 5226, 5224, 4521, 4519, 4520]","[4519, 4518, 4520]","[5226, 5225, 5223]",3.214599542666667,1.9922920028,2.2283738054666666,0.17188622733333309,1.8363817106971634,2.8556767784450763,1.0642655959092864,0.026048879823955335
16,"[5213, 5219, 5228, 1196, 1209, 1210]","[1209, 1208, 1195]","[5212, 5218, 5227]",6.738188474666666,2.3687862284000003,1.8121393644000001,1.989986963333339,2.6868600440000034,-1.2618782117333285,0.7705621885182069,0.030116837712377286
17,"[5210, 5209, 5218, 3680, 3679, 3681]","[3680, 3678, 3679]","[5209, 5208, 5217]",3.114618848,2.4685205732,1.7533824665333333,-2.0001072546907404,2.1769980808004754,3.2531611666332894,0.9767408069529451,0.030623882462831816
18,"[5210, 5212, 5213, 3680, 3679, 3671]","[3670, 3678, 3679]","[5209, 5211, 5212]",3.114618848,2.4685205732,2.3117402752,1.2064258048819163,-0.8693007316409581,-0.20510702039999998,1.1236464156133494,0.03393162188191653
19,"[5210, 5209, 5218, 3680, 3679, 3671]","[3670, 3678, 3679]","[5209, 5208, 5217]",3.114618848,2.4685205732,1.7533824665333333,1.2064258048819163,2.1769980808004754,3.2531611666332894,0.9772730787671092,0.03832684159038323
20,"[5237, 5219, 5228, 4333, 4346, 4347]","[4346, 4345, 4332]","[5236, 5218, 5227]",8.0124887,1.9463105529333333,2.27951197,-1.0297656947999974,-0.777022510533332,2.20596818627358,1.7660345294963333,0.041859451356066515
21,"[5233, 5232, 5226, 4521, 4519, 4520]","[4519, 4518, 4520]","[5232, 5231, 5225]",3.5039169666666665,1.8567719101333333,2.0431671924,1.0963503522666709,-2.112516270800003,0.2070468423999999,1.398452514444209,0.04585604900263563
22,"[5233, 5232, 5226, 4521, 4519, 4516]","[4515, 4518, 4520]","[5232, 5231, 5225]",3.5039169666666665,1.8567719101333333,2.0431671924,-2.0369940603076193,-2.112516270800003,0.2070468423999999,1.3877069638974353,0.04642165074362151
23,"[5233, 5232, 5221, 4521, 4519, 4516]","[4515, 4518, 4520]","[5232, 5231, 5220]",3.5039169666666665,1.8567719101333333,2.0431671924,-2.0369940603076193,-2.112516270800003,-2.9278298521441415,1.3434958555958239,0.04688986356766288
24,"[5213, 5219, 5228, 3713, 3723, 3724]","[3723, 3722, 3712]","[5212, 5218, 5227]",8.905782956,2.0871416874666666,1.1050272336,-2.326317116666661,0.05768014480000005,0.45141580120000224,0.6436259865077002,0.047002628709134305
25,"[5233, 5232, 5221, 4521, 4519, 4520]","[4519, 4518, 4520]","[5232, 5231, 5220]",3.5039169666666665,1.8567719101333333,2.0431671924,1.0963503522666709,-2.112516270800003,-2.9278298521441415,1.3543971551307985,0.04888553895199429
26,"[5210, 5212, 5214, 3680, 3679, 3681]","[3680, 3678, 3679]","[5209, 5211, 5213]",3.114618848,2.4685205732,2.3117402752,-2.0001072546907404,-0.8693007316409581,-3.319091908149198,1.115519015442573,0.06007686528230163
27,"[5210, 5212, 5213, 3680, 3679, 3681]","[3680, 3678, 3679]","[5209, 5211, 5212]",3.114618848,2.4685205732,2.3117402752,-2.0001072546907404,-0.8693007316409581,-0.20510702039999998,1.1235097292846292,0.06212572390837572
28,"[5210, 5212, 5214, 3680, 3679, 3671]","[3670, 3678, 3679]","[5209, 5211, 5213]",3.114618848,2.4685205732,2.3117402752,1.2064258048819163,-0.8693007316409581,-3.319091908149198,1.1160087845863393,0.07450712702262183
29,"[5237, 5219, 5228, 4511, 4524, 4525]","[4524, 4523, 4510]","[5236, 5218, 5227]",5.35232224,2.3106320114666663,2.0356606165333333,0.5548263009333344,-1.1817725638666694,-0.6866134859999996,1.7040508095438578,0.10439654368763102
30,"[5237, 5219, 5228, 4551, 4567, 4568]","[4567, 4566, 4550]","[5236, 5218, 5227]",5.98882566,2.236733556,1.6086996508000002,-1.7996814645333417,0.7241143985333361,-1.5323378001333379,1.5844923509694422,0.1562430341999714
31,"[5237, 5219, 5228, 3932, 3942, 3943]","[3942, 3941, 3931]","[5236, 5218, 5227]",7.863930056,1.7137292596,1.3701773177333334,0.041542966133333345,2.0319128046666726,0.420806845866667,1.1628378314566203,0.20823540467650717
32,"[5237, 5219, 5228, 4500, 4507, 4508]","[4507, 4506, 4499]","[5236, 5218, 5227]",5.735932891999999,0.9496592801333332,2.618459682133334,-1.2354966886666667,0.36818870136294096,-1.2399000288563435,1.8385809396694544,0.35279455059673975
33,"[5237, 5219, 5228, 3982, 3997, 3998]","[3997, 3996, 3981]","[5236, 5218, 5227]",7.187991425333333,1.3437759581333333,1.1406142009333333,-1.5973885883999985,2.6841476881333493,1.1707145956000031,1.321152159406396,0.472427608809063
