,"restraint_atom[lig1, lig2, lig3, rec1, rec2, rec3](start from 1)","rec_atoms[rec3, rec2, rec1](start from 0)","lig_atoms[lig1, lig2, lig3](start from 0)",distance between lig1 and rec1(unit: Angstrom),angle between lig1 rec1 and rec2(unit:radian),angle between lig2 lig1 and rec1(unit:radian),dihedral between lig1 rec1 rec2 and rec3(unit:radian),dihedral between lig2 lig1 rec1 and rec2(unit:radian),dihedral between lig3 lig2 lig1 and rec1(unit:radian),cal_ene(unit:kcal/mol),cost function value
0,"[5213, 5219, 5228, 1260, 1273, 1274]","[1273, 1272, 1259]","[5212, 5218, 5227]",7.566569538666666,1.4226678793333336,1.8978923214666668,-1.3025641961333303,2.5742504245333313,-0.32478656813333207,0.3601937165508763,0.011285369946972995
1,"[5213, 5219, 5228, 1175, 1192, 1193]","[1192, 1191, 1174]","[5212, 5218, 5227]",8.143326754666667,0.8925610410666667,1.3824116704,-1.5075814310666706,-3.0249542542966155,-1.0215934401333375,0.47989101482850877,0.019602370915789927
2,"[5213, 5219, 5228, 3982, 3997, 3998]","[3997, 3996, 3981]","[5212, 5218, 5227]",9.656058469333331,2.392133868,0.7958030282666667,-0.5888101936000012,-1.1995359151999987,-1.116367224,0.5509030927207684,0.009460813665677765
3,"[5210, 5209, 5218, 3671, 3679, 3680]","[3679, 3678, 3670]","[5209, 5208, 5217]",4.882663229333334,0.9099398194666667,2.132852964,-0.48811095680000033,-0.012498185333333314,-2.8698555475820253,0.5647738603857234,0.016228874020375667
4,"[5210, 5212, 5214, 3671, 3679, 3680]","[3679, 3678, 3670]","[5209, 5211, 5213]",4.882663229333334,0.9099398194666667,1.9229315492,-0.48811095680000033,-2.942427481835835,2.858939840733482,0.5669927186480443,0.01866776953352985
5,"[5227, 5226, 5224, 4511, 4524, 4525]","[4524, 4523, 4510]","[5226, 5225, 5223]",6.489234554666666,2.1040119524,1.9513946463999998,-0.3345989424000001,1.5115966382666757,-2.8035494541193207,0.6525627024770924,0.008639185436478606
6,"[5227, 5226, 5232, 4511, 4524, 4525]","[4524, 4523, 4510]","[5226, 5225, 5231]",6.489234554666666,2.1040119524,1.9513946463999998,-0.3345989424000001,1.5115966382666757,0.364918551600001,0.6760070201429765,0.009270841434141103
7,"[5233, 5232, 5221, 4511, 4524, 4525]","[4524, 4523, 4510]","[5232, 5231, 5220]",5.468807685333333,2.181557710133333,2.5695764558666667,0.17463231280000024,-0.7950602978666703,2.2773253510003433,1.3358071084004286,0.005744020267248915
8,"[5233, 5232, 5226, 4511, 4524, 4525]","[4524, 4523, 4510]","[5232, 5231, 5225]",5.468807685333333,2.181557710133333,2.5695764558666667,0.17463231280000024,-0.7950602978666703,-0.8709832601333335,1.3703242189341704,0.005465458947798873
9,"[5237, 5219, 5228, 4048, 4064, 4065]","[4064, 4063, 4047]","[5236, 5218, 5227]",8.828280417333334,2.576105172666667,1.6009153922666663,-1.8861609858666561,-2.9753579895129008,1.847346482533333,1.6359856776024142,0.017373256547437845
